name,datetime,tempmax,tempmin,temp,feelslikemax,feelslikemin,feelslike,dew,humidity,precip,precipprob,precipcover,preciptype,snow,snowdepth,windgust,windspeed,winddir,sealevelpressure,cloudcover,visibility,solarradiation,solarenergy,uvindex,severerisk,sunrise,sunset,moonphase,conditions,description,icon,stations
Eminence Indiana,2017-07-21,90.7,75.2,82.3,98.3,75.2,86.4,72.3,72.68,0.15,,20.83,,0,0,29.8,14.6,205.7,1014.4,37.7,9.6,,,,,2017-07-21T06:36:45,2017-07-21T21:08:47,0.98,Rain, Partially cloudy,Partly cloudy throughout the day with rain.,rain,KBMG,KEYE,72437503893,KIND,72438093819,72438453842
Eminence Indiana,2017-07-22,90.1,75.7,82,97.2,75.7,85.7,72.9,74.89,0.12,,20.83,,0,0,29.8,15.1,247.8,1010.3,49.8,9.5,,,,,2017-07-22T06:37:34,2017-07-22T21:08:01,1,Rain, Partially cloudy,Partly cloudy throughout the day with rain.,rain,KBMG,KEYE,72437503893,KIND,72438093819,72438453842
Eminence Indiana,2017-07-23,84.6,72,76.1,91,72,77,70.4,82.86,0.6,,37.5,,0,0,33.3,12.9,240.4,1009.1,52.8,9.4,,,,,2017-07-23T06:38:25,2017-07-23T21:07:14,0,Rain, Partially cloudy,Partly cloudy throughout the day with a chance of rain throughout the day.,rain,KBMG,KEYE,72437503893,KIND,72438093819,72438453842
Eminence Indiana,2017-07-24,82.1,68,75.3,83.7,68,75.8,65.2,72.19,0.02,,4.17,,0,0,,10.9,234.2,1013.3,23.4,9.8,,,,,2017-07-24T06:39:16,2017-07-24T21:06:24,0.01,Rain, Partially cloudy,Partly cloudy throughout the day with morning rain.,rain,KBMG,KEYE,72437503893,KIND,72438093819,72438453842
Eminence Indiana,2017-07-25,81.3,62.8,72.5,81.4,62.8,72.5,58.2,62.29,0,,0,,0,0,17.2,10.4,91.4,1020.3,10.7,9.9,,,,,2017-07-25T06:40:07,2017-07-25T21:05:33,0.03,Clear,Clear conditions throughout the day.,clear-day,KBMG,KEYE,72437503893,KIND,72438093819,72438453842
