name,datetime,tempmax,tempmin,temp,feelslikemax,feelslikemin,feelslike,dew,humidity,precip,precipprob,precipcover,preciptype,snow,snowdepth,windgust,windspeed,winddir,sealevelpressure,cloudcover,visibility,solarradiation,solarenergy,uvindex,severerisk,sunrise,sunset,moonphase,conditions,description,icon,stations
Eminence Indiana,2015-07-21,83.3,68.4,75.1,83.9,68.4,75.4,64.4,72.22,0.32,,12.5,,0,0,17.2,12.5,279.2,1009.7,51.8,9.5,,,,,2015-07-21T06:36:19,2015-07-21T21:09:10,0.13,Rain, Partially cloudy,Partly cloudy throughout the day with early morning rain.,rain,KBMG,KEYE,72437503893,KIND,72438093819,72438453842
Eminence Indiana,2015-07-22,81.9,58.3,71.3,81.2,58.3,71.2,55,58.99,0,,0,,0,0,17.2,6.7,101,1014.5,33,9.9,,,,,2015-07-22T06:37:09,2015-07-22T21:08:25,0.17,Partially cloudy,Partly cloudy throughout the day.,partly-cloudy-day,KBMG,KEYE,72437503893,KIND,72438093819,72438453842
Eminence Indiana,2015-07-23,82.2,63.6,73.4,81.9,63.6,73.4,58.2,61.29,0,,0,,0,0,16.1,8.5,53.5,1015.3,34.8,9.9,,,,,2015-07-23T06:37:59,2015-07-23T21:07:38,0.22,Partially cloudy,Becoming cloudy in the afternoon.,partly-cloudy-day,KBMG,KEYE,72437503893,KIND,72438093819,72438453842
Eminence Indiana,2015-07-24,84.2,63.2,74.4,84.2,63.2,74.6,60.7,64.48,0,,0,,0,0,,7.5,93.5,1016,19.1,9.5,,,,,2015-07-24T06:38:49,2015-07-24T21:06:50,0.27,Clear,Clear conditions throughout the day.,clear-day,KBMG,KEYE,72437503893,KIND,72438093819,72438453842
Eminence Indiana,2015-07-25,85.3,65.1,76.2,89.4,65.1,77.6,65.8,71.54,0,,0,,0,0,,8.5,187.9,1014.5,33.5,9.7,,,,,2015-07-25T06:39:41,2015-07-25T21:05:59,0.31,Partially cloudy,Partly cloudy throughout the day.,partly-cloudy-day,KBMG,KEYE,72437503893,KIND,72438093819,72438453842
