name,datetime,tempmax,tempmin,temp,feelslikemax,feelslikemin,feelslike,dew,humidity,precip,precipprob,precipcover,preciptype,snow,snowdepth,windgust,windspeed,winddir,sealevelpressure,cloudcover,visibility,solarradiation,solarenergy,uvindex,severerisk,sunrise,sunset,moonphase,conditions,description,icon,stations
Eminence Indiana,2019-07-21,91.4,73.4,81.3,101.2,73.4,85.5,74,79.87,0.43,,16.67,,0,0,37,12.5,238,1012.6,32.6,9.4,347.1,18.7,9,,2019-07-21T06:36:22,2019-07-21T21:09:11,0.6,Rain, Partially cloudy,Partly cloudy throughout the day with late afternoon rain.,rain,KBMG,KEYE,72437503893,KIND,72438093819,72438453842,F3934
Eminence Indiana,2019-07-22,75.5,65.9,72.2,75.5,65.9,72.2,66.5,83.31,0.04,,25,,0,0,23,14.1,299.8,1013.8,62.4,9.7,180.9,9.8,5,,2019-07-22T06:37:11,2019-07-22T21:08:26,0.64,Rain, Partially cloudy,Partly cloudy throughout the day with rain in the morning and afternoon.,rain,KBMG,KEYE,72437503893,KIND,72438093819,72438453842,F3934
Eminence Indiana,2019-07-23,80.1,58.7,69.8,80.1,58.7,69.8,55.1,61.92,0,,0,,0,0,25.3,12,328.8,1017.7,17.9,9.9,482.1,26,10,,2019-07-23T06:38:01,2019-07-23T21:07:39,0.68,Clear,Clear conditions throughout the day.,clear-day,KBMG,KEYE,72437503893,KIND,72438093819,72438453842,F3934
Eminence Indiana,2019-07-24,78.8,59.4,69.7,78.8,59.4,69.7,54.1,60.19,0,,0,,0,0,24.6,12.8,289,1019.6,7.1,9.9,456.1,24.6,9,,2019-07-24T06:38:52,2019-07-24T21:06:50,0.73,Clear,Clear conditions throughout the day.,clear-day,KBMG,KEYE,72437503893,KIND,72438093819,72438453842,F3934
Eminence Indiana,2019-07-25,81,59.3,70.9,80.8,59.3,70.9,55.9,61.56,0,,0,,0,0,,7.6,79.6,1021.7,17.5,9.9,476.3,25.7,10,,2019-07-25T06:39:43,2019-07-25T21:06:00,0.78,Clear,Clear conditions throughout the day.,clear-day,KBMG,KEYE,72437503893,KIND,72438093819,72438453842,F3934
